Entity,Code,Year,Homosexuality: Not justifiable,World region according to OWID,Homosexuality: Not justifiable (Annotations)
Albania,ALB,1998,83.08308,Europe,
Albania,ALB,2004,91.39999,Europe,
Albania,ALB,2010,76.76758,Europe,
Albania,ALB,2022,83.66472,Europe,
Algeria,DZA,2004,95.47581,Africa,
Algeria,DZA,2014,74.83334,Africa,
Andorra,AND,2010,10.66386,Europe,
Andorra,AND,2022,10.75697,Europe,
Argentina,ARG,1984,69.2563,South America,
Argentina,ARG,1993,66.76646,South America,
Argentina,ARG,1998,41.10847,South America,
Argentina,ARG,2004,43.70055,South America,
Argentina,ARG,2010,33.38482,South America,
Argentina,ARG,2014,31.43941,South America,
Argentina,ARG,2022,25.00023,South America,
Armenia,ARM,1998,80.8,Asia,
Armenia,ARM,2010,96.91998,Asia,
Armenia,ARM,2014,97.70454,Asia,
Armenia,ARM,2022,94.06127,Asia,
Australia,AUS,1984,54.96312,Oceania,
Australia,AUS,1998,43.01437,Oceania,
Australia,AUS,2010,32.78855,Oceania,
Australia,AUS,2014,20.4251,Oceania,
Australia,AUS,2022,16.6998,Oceania,
Austria,AUT,1993,64.09384,Europe,
Austria,AUT,2004,40.61536,Europe,
Austria,AUT,2010,35.14515,Europe,
Austria,AUT,2022,21.01952,Europe,
Azerbaijan,AZE,1998,88.61139,Asia,
Azerbaijan,AZE,2014,98.02955,Asia,
Azerbaijan,AZE,2022,90.48132,Asia,
Bangladesh,BGD,2004,96.4,Asia,
Bangladesh,BGD,2022,95.75,Asia,
Belarus,BLR,1993,83.74384,Europe,
Belarus,BLR,1998,70.88911,Europe,
Belarus,BLR,2004,66.8,Europe,
Belarus,BLR,2010,73.25625,Europe,
Belarus,BLR,2014,79.86076,Europe,
Belarus,BLR,2022,76.96824,Europe,
Belgium,BEL,1984,60.98413,Europe,
Belgium,BEL,1993,52.14432,Europe,
Belgium,BEL,2004,34.99314,Europe,
Belgium,BEL,2010,29.42172,Europe,
Bolivia,BOL,2022,59.45815,South America,
Bosnia and Herzegovina,BIH,1998,84.91667,Europe,
Bosnia and Herzegovina,BIH,2004,85.5,Europe,
Bosnia and Herzegovina,BIH,2010,87.76357,Europe,
Bosnia and Herzegovina,BIH,2022,89.11941,Europe,
Brazil,BRA,1993,77.49807,South America,
Brazil,BRA,1998,67.10411,South America,
Brazil,BRA,2010,47.49163,South America,
Brazil,BRA,2014,43.08959,South America,
Brazil,BRA,2022,35.86702,South America,
Bulgaria,BGR,1993,84.91296,Europe,
Bulgaria,BGR,1998,51.86567,Europe,
Bulgaria,BGR,2004,68.25274,Europe,
Bulgaria,BGR,2010,57.62448,Europe,
Bulgaria,BGR,2022,70.53515,Europe,
Burkina Faso,BFA,2010,86.22754,Africa,
Canada,CAN,1984,64.5496,North America,
Canada,CAN,1993,52.3334,North America,
Canada,CAN,2004,34.60587,North America,
Canada,CAN,2010,28.29811,North America,
Canada,CAN,2022,11.4143,North America,
Chile,CHL,1993,86.6,South America,
Chile,CHL,1998,64.5788,South America,
Chile,CHL,2004,52.35111,South America,
Chile,CHL,2010,39.18432,South America,
Chile,CHL,2014,28,South America,
Chile,CHL,2022,40.11349,South America,
China,CHN,1993,95,Asia,
China,CHN,1998,88.13333,Asia,
China,CHN,2004,87.3,Asia,
China,CHN,2010,77.48569,Asia,
China,CHN,2014,70.94439,Asia,
China,CHN,2022,82.76263,Asia,
Colombia,COL,1998,75.66805,South America,
Colombia,COL,2010,59.6033,South America,
Colombia,COL,2014,62.96296,South America,
Colombia,COL,2022,54.86842,South America,
Croatia,HRV,1998,55.01672,Europe,
Croatia,HRV,2004,77.44523,Europe,
Croatia,HRV,2010,77.95536,Europe,
Croatia,HRV,2022,63.6609,Europe,
Cyprus,CYP,2010,68.77078,Europe,
Cyprus,CYP,2014,53.56913,Europe,
Cyprus,CYP,2022,51.83689,Europe,
Czechia,CZE,1993,51.82987,Europe,
Czechia,CZE,1998,18.483,Europe,
Czechia,CZE,2004,38.83438,Europe,
Czechia,CZE,2010,43.24656,Europe,
Czechia,CZE,2022,23.81071,Europe,
Denmark,DNK,1984,43.87187,Europe,
Denmark,DNK,1993,42.42719,Europe,
Denmark,DNK,2004,25.41544,Europe,
Denmark,DNK,2010,17.61049,Europe,
Denmark,DNK,2022,6.828658,Europe,
Dominican Republic,DOM,1998,64.26859,North America,
Ecuador,ECU,2014,71.29784,South America,
Ecuador,ECU,2022,58.2289,South America,
Egypt,EGY,2004,99.86666,Africa,
El Salvador,SLV,1998,83.41308,North America,
Estonia,EST,1993,85.11904,Europe,
Estonia,EST,1998,71.2047,Europe,
Estonia,EST,2004,61.48849,Europe,
Estonia,EST,2010,75.92479,Europe,
Estonia,EST,2014,59.97833,Europe,
Estonia,EST,2022,53.4691,Europe,
Ethiopia,ETH,2010,95.13333,Africa,
Ethiopia,ETH,2022,80.09788,Africa,
Finland,FIN,1984,64.40678,Europe,
Finland,FIN,1993,49.82993,Europe,
Finland,FIN,1998,49.34144,Europe,
Finland,FIN,2004,44.66404,Europe,
Finland,FIN,2010,29.72593,Europe,
Finland,FIN,2022,20.40219,Europe,
France,FRA,1984,63.18566,Europe,
France,FRA,1993,49.2016,Europe,
France,FRA,2004,31.38907,Europe,
France,FRA,2010,26.50159,Europe,
France,FRA,2022,20.22517,Europe,
Georgia,GEO,1998,89.64143,Asia,
Georgia,GEO,2010,96.53967,Asia,
Georgia,GEO,2014,97.58736,Asia,
Georgia,GEO,2022,93.09,Asia,
Germany,DEU,1984,65.20187,Europe,
Germany,DEU,1993,48.47801,Europe,
Germany,DEU,1998,27.39388,Europe,
Germany,DEU,2004,32.90831,Europe,
Germany,DEU,2010,29.15786,Europe,
Germany,DEU,2014,32.55945,Europe,
Germany,DEU,2022,14.82768,Europe,
Ghana,GHA,2010,89.88251,Africa,
Ghana,GHA,2014,96.83514,Africa,
Greece,GRC,2004,40.29851,Europe,
Greece,GRC,2010,55.31601,Europe,
Greece,GRC,2022,46.43497,Europe,
Guatemala,GTM,2010,70.21442,North America,
Guatemala,GTM,2022,59.39788,North America,
Haiti,HTI,2014,65.99587,North America,
Hong Kong,HKG,2010,61.18211,Asia,
Hong Kong,HKG,2014,45.7,Asia,
Hong Kong,HKG,2022,35.93044,Asia,
Hungary,HUN,1984,86.54578,Europe,
Hungary,HUN,1993,75.77578,Europe,
Hungary,HUN,1998,57.23077,Europe,
Hungary,HUN,2004,88.68678,Europe,
Hungary,HUN,2010,59.41363,Europe,
Hungary,HUN,2022,57.9521,Europe,
Iceland,ISL,1984,62.93485,Europe,
Iceland,ISL,1993,34.33048,Europe,
Iceland,ISL,2004,18.18182,Europe,
Iceland,ISL,2010,9.218429,Europe,
Iceland,ISL,2022,3.986936,Europe,
India,IND,1993,92.52,Asia,
India,IND,1998,83.33333,Asia,
India,IND,2004,52.4975,Asia,
India,IND,2010,57.42129,Asia,
India,IND,2014,82.29524,Asia,
India,IND,2022,65.22964,Asia,
Indonesia,IDN,2004,98.2,Asia,
Indonesia,IDN,2010,94.22598,Asia,
Indonesia,IDN,2022,93.18953,Asia,
Iran,IRN,2004,92.93049,Asia,
Iran,IRN,2010,93.40083,Asia,
Iran,IRN,2022,91.72781,Asia,
Iraq,IRQ,2014,88.91666,Asia,
Iraq,IRQ,2022,58.25,Asia,
Ireland,IRL,1984,64.74398,Europe,
Ireland,IRL,1993,66.6,Europe,
Ireland,IRL,2004,46.48967,Europe,
Ireland,IRL,2010,37.53122,Europe,
Israel,ISR,2004,46.20517,Asia,
Italy,ITA,1984,75.10896,Europe,
Italy,ITA,1993,57.76753,Europe,
Italy,ITA,2004,41.8,Europe,
Italy,ITA,2010,59.38735,Europe,
Italy,ITA,2022,27.05919,Europe,
Japan,JPN,1984,65.28513,Asia,
Japan,JPN,1993,71.81009,Asia,
Japan,JPN,1998,56.83112,Asia,
Japan,JPN,2004,44.05286,Asia,
Japan,JPN,2010,37.9562,Asia,
Japan,JPN,2014,31.84609,Asia,
Japan,JPN,2022,17.88618,Asia,
Jordan,JOR,2004,97.87063,Asia,
Jordan,JOR,2010,99.47227,Asia,
Jordan,JOR,2014,95.75,Asia,
Jordan,JOR,2022,96.25935,Asia,
Kazakhstan,KAZ,2014,82.99058,Asia,
Kazakhstan,KAZ,2022,74.45141,Asia,
Kenya,KEN,2022,73.95833,Africa,
Kosovo,OWID_KOS,2010,94.92982,Europe,
Kyrgyzstan,KGZ,2004,87.53595,Asia,
Kyrgyzstan,KGZ,2014,89.73333,Asia,
Kyrgyzstan,KGZ,2022,88.09875,Asia,
Latvia,LVA,1993,88.37209,Europe,
Latvia,LVA,1998,67,Europe,
Latvia,LVA,2004,81.34254,Europe,
Latvia,LVA,2010,74.428,Europe,
Latvia,LVA,2022,62.00927,Europe,
Lebanon,LBN,2014,72.41667,Asia,
Lebanon,LBN,2022,84.83334,Asia,
Libya,LBY,2014,81.78432,Africa,
Libya,LBY,2022,92.47491,Africa,
Lithuania,LTU,1993,92.2,Europe,
Lithuania,LTU,1998,78.09712,Europe,
Lithuania,LTU,2004,78.39153,Europe,
Lithuania,LTU,2010,78.6785,Europe,
Lithuania,LTU,2022,69.46731,Europe,
Luxembourg,LUX,2004,29.21597,Europe,
Luxembourg,LUX,2010,27.98996,Europe,
Macao,MAC,2022,33.00686,Asia,
Malaysia,MYS,2010,71.3572,Asia,
Malaysia,MYS,2014,79.23077,Asia,
Malaysia,MYS,2022,63.13785,Asia,
Maldives,MDV,2022,97.01637,Asia,
Mali,MLI,2010,66.91325,Africa,
Malta,MLT,1993,77.4614,Europe,
Malta,MLT,2004,75.27557,Europe,
Malta,MLT,2010,45.90468,Europe,
Mexico,MEX,1984,84.2728,North America,
Mexico,MEX,1993,74.78772,North America,
Mexico,MEX,1998,70.33112,North America,
Mexico,MEX,2004,56.62452,North America,
Mexico,MEX,2010,44.29487,North America,
Mexico,MEX,2014,50,North America,
Mexico,MEX,2022,47.77916,North America,
Moldova,MDA,1998,78.76016,Europe,
Moldova,MDA,2004,72.5455,Europe,
Moldova,MDA,2010,81.17838,Europe,
Mongolia,MNG,2022,54.54272,Asia,
Montenegro,MNE,1998,78.75,Europe,
Montenegro,MNE,2004,90.75471,Europe,
Montenegro,MNE,2010,87.08893,Europe,
Montenegro,MNE,2022,86.86862,Europe,
Morocco,MAR,2014,89.83333,Africa,
Morocco,MAR,2022,73.75,Africa,
Myanmar,MMR,2022,88.75,Asia,
Netherlands,NLD,1984,33.89918,Europe,
Netherlands,NLD,1993,20.80534,Europe,
Netherlands,NLD,2004,12.87074,Europe,
Netherlands,NLD,2010,16.07032,Europe,
Netherlands,NLD,2014,15.19453,Europe,
Netherlands,NLD,2022,6.166164,Europe,
New Zealand,NZL,1998,39.55038,Oceania,
New Zealand,NZL,2010,32.18029,Oceania,
New Zealand,NZL,2014,28.29964,Oceania,
New Zealand,NZL,2022,18.36735,Oceania,
Nicaragua,NIC,2022,64.66666,North America,
Nigeria,NGA,1993,93.90609,Africa,
Nigeria,NGA,1998,93.64157,Africa,
Nigeria,NGA,2004,95.99406,Africa,
Nigeria,NGA,2014,92.68072,Africa,
Nigeria,NGA,2022,95.94772,Africa,
North Macedonia,MKD,1998,85.92965,Europe,
North Macedonia,MKD,2004,84.30646,Europe,
North Macedonia,MKD,2010,80.62462,Europe,
North Macedonia,MKD,2022,81.03956,Europe,
Northern Cyprus,OWID_CYN,2010,78.89706,,
Northern Ireland,,1984,82.18559,,
Northern Ireland,,1993,74.34211,,
Northern Ireland,,2004,51.66967,,
Northern Ireland,,2010,40.97333,,
Northern Ireland,,2022,22.42248,,
Norway,NOR,1984,60.51379,Europe,
Norway,NOR,1993,54.56013,Europe,
Norway,NOR,1998,36.29104,Europe,
Norway,NOR,2010,16.95784,Europe,
Norway,NOR,2022,10.50327,Europe,
Pakistan,PAK,2004,100,Asia,
Pakistan,PAK,2014,95.66368,Asia,
Pakistan,PAK,2022,90.92732,Asia,
Palestine,PSE,2014,89.60001,Asia,
Peru,PER,1998,62.5929,South America,
Peru,PER,2004,74.15057,South America,
Peru,PER,2014,57.24514,South America,
Peru,PER,2022,70.19418,South America,
Philippines,PHL,1998,58.58333,Asia,
Philippines,PHL,2004,54.84292,Asia,
Philippines,PHL,2014,48.91257,Asia,
Philippines,PHL,2022,48.04182,Asia,
Poland,POL,1993,85.36459,Europe,
Poland,POL,1998,72.41978,Europe,
Poland,POL,2004,69.08392,Europe,
Poland,POL,2010,67.03033,Europe,
Poland,POL,2014,56.76252,Europe,
Poland,POL,2022,56.1012,Europe,
Portugal,PRT,1993,78.54387,Europe,
Portugal,PRT,2004,62.81709,Europe,
Portugal,PRT,2010,43.9061,Europe,
Portugal,PRT,2022,40.50558,Europe,
Puerto Rico,PRI,1998,69.24399,North America,
Puerto Rico,PRI,2004,57.5,North America,
Puerto Rico,PRI,2022,35.75865,North America,
Qatar,QAT,2014,94.90592,Asia,
Romania,ROU,1993,90.20853,Europe,
Romania,ROU,1998,78.93462,Europe,
Romania,ROU,2004,79.93019,Europe,
Romania,ROU,2010,77.56216,Europe,
Romania,ROU,2014,74.47432,Europe,
Romania,ROU,2022,77.76897,Europe,
Russia,RUS,1993,88.06731,Europe,
Russia,RUS,1998,76.76471,Europe,
Russia,RUS,2004,70.9709,Europe,
Russia,RUS,2010,73.19604,Europe,
Russia,RUS,2014,70.93214,Europe,
Russia,RUS,2022,75.46992,Europe,
Rwanda,RWA,2010,94.42601,Africa,
Rwanda,RWA,2014,98.82122,Africa,
Saudi Arabia,SAU,2004,92.67643,Asia,
Serbia,SRB,1998,74.6875,Europe,
Serbia,SRB,2004,77.83333,Europe,
Serbia,SRB,2010,67.88438,Europe,
Serbia,SRB,2022,70.61884,Europe,
Singapore,SGP,2004,76.00107,Asia,
Singapore,SGP,2014,63.62448,Asia,
Singapore,SGP,2022,62.02079,Asia,
Slovakia,SVK,1993,63.29588,Europe,
Slovakia,SVK,1998,37.62557,Europe,
Slovakia,SVK,2004,40.04406,Europe,
Slovakia,SVK,2010,37.86336,Europe,
Slovakia,SVK,2022,36.37862,Europe,
Slovenia,SVN,1993,64.15459,Europe,
Slovenia,SVN,1998,60.77458,Europe,
Slovenia,SVN,2004,50.49702,Europe,
Slovenia,SVN,2010,48.50724,Europe,
Slovenia,SVN,2014,41.34705,Europe,
Slovenia,SVN,2022,35.62547,Europe,
South Africa,ZAF,1984,76.19048,Africa,
South Africa,ZAF,1993,76.41213,Africa,
South Africa,ZAF,1998,71.86869,Africa,
South Africa,ZAF,2004,64.93553,Africa,
South Africa,ZAF,2010,69.57001,Africa,
South Africa,ZAF,2014,52.75714,Africa,
South Korea,KOR,1984,79.48454,Asia,
South Korea,KOR,1993,89.28857,Asia,
South Korea,KOR,1998,84.46758,Asia,
South Korea,KOR,2004,74.33334,Asia,
South Korea,KOR,2010,73.44621,Asia,
South Korea,KOR,2014,64.77646,Asia,
South Korea,KOR,2022,72.77109,Asia,
Spain,ESP,1984,69.56914,Europe,
Spain,ESP,1993,56.04217,Europe,
Spain,ESP,1998,32.85418,Europe,
Spain,ESP,2004,30.91973,Europe,
Spain,ESP,2010,22.80311,Europe,
Spain,ESP,2014,14.531,Europe,
Spain,ESP,2022,19.08352,Europe,
Sweden,SWE,1984,48.00838,Europe,
Sweden,SWE,1993,50.04776,Europe,
Sweden,SWE,1998,20.61447,Europe,
Sweden,SWE,2004,16.12988,Europe,
Sweden,SWE,2010,12.41221,Europe,
Sweden,SWE,2014,12.47873,Europe,
Sweden,SWE,2022,8.707586,Europe,
Switzerland,CHE,1993,48.82933,Europe,
Switzerland,CHE,1998,24.12203,Europe,
Switzerland,CHE,2010,21.46249,Europe,
Switzerland,CHE,2022,14.04424,Europe,
Taiwan,TWN,1998,83.20512,Asia,
Taiwan,TWN,2010,54.42912,Asia,
Taiwan,TWN,2014,39.09299,Asia,
Taiwan,TWN,2022,44.67123,Asia,
Tanzania,TZA,2004,97.52348,Africa,
Thailand,THA,2010,75.74967,Asia,
Thailand,THA,2014,73.62794,Asia,
Thailand,THA,2022,56.76389,Asia,
Trinidad and Tobago,TTO,2010,83.98441,North America,
Trinidad and Tobago,TTO,2014,86.68669,North America,
Tunisia,TUN,2014,88.79668,Africa,
Tunisia,TUN,2022,96.34551,Africa,
Turkey,TUR,1993,89.90292,Asia,
Turkey,TUR,2004,90.38142,Asia,
Turkey,TUR,2010,90.04989,Asia,
Turkey,TUR,2014,91.02409,Asia,
Turkey,TUR,2022,84.05136,Asia,
Uganda,UGA,2004,97.44996,Africa,
Ukraine,UKR,1998,72.53646,Europe,
Ukraine,UKR,2004,72.21861,Europe,
Ukraine,UKR,2010,75.52512,Europe,
Ukraine,UKR,2014,79.42915,Europe,
Ukraine,UKR,2022,67.78985,Europe,
United Kingdom,GBR,1984,60.51856,Europe,"England, Scotland, and Wales"
United Kingdom,GBR,1993,59.50369,Europe,"England, Scotland, and Wales"
United Kingdom,GBR,1998,36.5096,Europe,"England, Scotland, and Wales"
United Kingdom,GBR,2004,41.6647,Europe,"England, Scotland, and Wales"
United Kingdom,GBR,2010,33.10264,Europe,"England, Scotland, and Wales"
United Kingdom,GBR,2022,14.54536,Europe,"England, Scotland, and Wales"
United States,USA,1984,75.13112,North America,
United States,USA,1993,66.35529,North America,
United States,USA,1998,54.44142,North America,
United States,USA,2004,43.24457,North America,
United States,USA,2010,43.26984,North America,
United States,USA,2014,33.89992,North America,
United States,USA,2022,28.09413,North America,
Uruguay,URY,1998,54.6383,South America,
Uruguay,URY,2010,25.7,South America,
Uruguay,URY,2014,25,South America,
Uruguay,URY,2022,25.93783,South America,
Uzbekistan,UZB,2014,91.39999,Asia,
Venezuela,VEN,1998,86.58334,South America,
Venezuela,VEN,2004,78.08333,South America,
Venezuela,VEN,2022,48.65546,South America,
Vietnam,VNM,2004,81.4,Asia,
Vietnam,VNM,2010,79.06977,Asia,
Vietnam,VNM,2022,32.16666,Asia,
Yemen,YEM,2014,60.9,Asia,
Zambia,ZMB,2010,77.61395,Africa,
Zimbabwe,ZWE,2004,97.95407,Africa,
Zimbabwe,ZWE,2014,90.07892,Africa,
Zimbabwe,ZWE,2022,90.61728,Africa,