Entity,Code,Year,Justice system (courts),Police,Civil services,Armed forces,Political parties,Government,Parliament,Justice system (courts) (Annotations),Police (Annotations),Civil services (Annotations),Armed forces (Annotations),Political parties (Annotations),Government (Annotations),Parliament (Annotations)
Albania,ALB,1998,56.95696,71.87187,16.21622,56.75676,22.22222,37.93794,56.25626,,,,,,,
Albania,ALB,2004,,64.3,35,53.3,28.6,57.3,43.7,,,,,,,
Albania,ALB,2010,23.78716,59.07684,34.04862,48.54284,21.08744,24.0801,31.61334,,,,,,,
Albania,ALB,2022,22.27588,57.65759,34.32358,61.67404,5.655044,14.15623,7.55484,,,,,,,
Algeria,DZA,2004,,62.94852,54.36818,61.23245,17.16069,50.93604,29.17317,,,,,,,
Algeria,DZA,2014,40,52.33333,33.41667,53.83334,18.83333,33.91667,22,,,,,,,
Andorra,AND,2010,35.51207,61.4059,35.54786,,16.1071,33.4654,,,,,,,,
Andorra,AND,2022,57.56972,76.19521,55.77689,,22.60956,48.70518,36.65339,,,,,,,
Argentina,ARG,1984,57.85465,24.56988,49.06784,18.50117,,,71.42488,,,,,,,
Argentina,ARG,1993,23.35329,26.24751,7.385229,28.34331,,,16.66667,,,,,,,
Argentina,ARG,1998,26.25139,22.23116,7.462364,22.32356,8.152466,26.04412,15.17079,,,,,,,
Argentina,ARG,2004,,23.8147,6.596296,25.44693,7.041096,18.82938,10.56068,,,,,,,
Argentina,ARG,2010,19.80023,21.04544,7.854558,30.50318,7.612036,36.82981,12.98982,,,,,,,
Argentina,ARG,2014,18.57088,24.95667,16.15312,28.7688,15.06472,31.64394,24.971,,,,,,,
Argentina,ARG,2022,19.24952,29.7931,18.14495,35.17443,11.73632,29.22181,20.35002,,,,,,,
Armenia,ARM,1998,30.4,31.3,34.75,70.8,15.05,41.2,29.25,,,,,,,
Armenia,ARM,2010,40.43282,44.92405,41.17712,87.91488,30.36552,51.65641,38.88304,,,,,,,
Armenia,ARM,2014,29.88286,38.13701,33.40154,87.84241,22.49445,38.33352,25.72864,,,,,,,
Armenia,ARM,2022,31.20663,41.63303,35.37873,76.8299,18.50382,28.62215,22.5443,,,,,,,
Australia,AUS,1984,60.08207,79.94472,46.78627,66.21588,,,54.82138,,,,,,,
Australia,AUS,1998,34.32751,75.21461,37.38905,66.01344,15.49332,25.79581,29.83713,,,,,,,
Australia,AUS,2010,51.03769,81.99451,38.15666,82.45265,13.62705,38.85142,33.40263,,,,,,,
Australia,AUS,2014,58.08906,82.84526,43.74894,86.3338,13.04898,30.01254,28.2872,,,,,,,
Australia,AUS,2022,58.87946,80.08109,48.15857,82.00356,10.65669,30.23791,27.5556,,,,,,,
Austria,AUT,1993,57.98696,66.62203,40.39275,28.0973,,,39.90868,,,,,,,
Austria,AUT,2004,65.60722,74.38279,40.061,38.10536,,,39.06421,,,,,,,
Austria,AUT,2010,62.827,67.53938,39.19204,41.16071,14.47285,17.6125,29.22949,,,,,,,
Austria,AUT,2022,72.18668,84.88924,57.0452,62.59353,25.57426,38.38537,43.62713,,,,,,,
Azerbaijan,AZE,1998,44.15585,37.71229,37.46254,53.24675,46.25375,85.86414,66.48351,,,,,,,
Azerbaijan,AZE,2014,58.78434,60.35926,62.96567,74.94765,41.05069,80.07723,63.65512,,,,,,,
Azerbaijan,AZE,2022,57.59319,78.30335,72.29463,92.11435,31.35825,89.51009,61.56466,,,,,,,
Bangladesh,BGD,1998,71.86886,36.13115,71.47541,51.93443,65.5082,77.2459,76.9836,,,,,,,
Bangladesh,BGD,2004,,52.6,95,71.6,77.86667,86.46667,86.4,,,,,,,
Bangladesh,BGD,2022,77.66666,45.16666,68.5,90.08333,43.91667,81.16666,74.75,,,,,,,
Belarus,BLR,1993,25.91133,21.28079,19.50739,60.8867,22.46305,,29.26108,,,,,,,
Belarus,BLR,1998,46.55832,36.80688,45.8413,70.41109,13.81453,47.89675,26.14723,,,,,,,
Belarus,BLR,2004,42.5,38.5,21,64.7,,,32.7,,,,,,,
Belarus,BLR,2010,55.7197,57.97637,34.97237,70.16529,25.75101,59.37632,53.72812,,,,,,,
Belarus,BLR,2014,54.90983,54.59698,65.30376,74.522,35.01173,56.06274,48.90726,,,,,,,
Belarus,BLR,2022,57.11303,59.47251,30.78458,63.81709,25.7437,49.93998,45.50295,,,,,,,
Belgium,BEL,1984,53.5484,60.57837,41.56972,40.39006,,,33.88458,,,,,,,
Belgium,BEL,1993,44.28385,50.7597,41.90895,32.91115,,,42.35118,,,,,,,
Belgium,BEL,2004,33.91382,55.24424,43.57254,35.97129,,,34.3436,,,,,,,
Belgium,BEL,2010,50.09104,71.24422,55.83256,49.71087,20.33354,31.74865,42.01996,,,,,,,
Bolivia,BOL,2022,13.7881,15.14272,10.88534,26.89889,5.46686,23.31882,9.240445,,,,,,,
Bosnia and Herzegovina,BIH,1998,69.41666,78.66667,59.16666,86.16667,45.5,69.33334,54.83334,,,,,,,
Bosnia and Herzegovina,BIH,2004,,63.33333,29.16667,59.91667,14.41667,29.33333,19.83333,,,,,,,
Bosnia and Herzegovina,BIH,2010,38.31099,53.78634,34.68073,43.10969,12.40468,20.50631,25.76766,,,,,,,
Bosnia and Herzegovina,BIH,2022,27.84776,56.99744,31.64781,54.75631,12.4526,18.30292,16.17511,,,,,,,
Brazil,BRA,1993,44.28207,37.99319,48.72843,66.54646,,,24.19164,,,,,,,
Brazil,BRA,1998,54.76815,44.88189,58.61768,69.99125,32.28346,48.29396,33.24584,,,,,,,
Brazil,BRA,2010,49.31306,44.5021,51.63074,69.09898,20.83769,45.87339,24.5789,,,,,,,
Brazil,BRA,2014,50.61511,45.02842,50.81327,58.66816,15.91082,41.06213,20.89995,,,,,,,
Brazil,BRA,2022,50.32122,54.15098,48.79414,60.59941,13.45666,22.55978,15.69169,,,,,,,
Bulgaria,BGR,1993,44.97099,45.84139,29.78723,67.9884,,,48.16248,,,,,,,
Bulgaria,BGR,1998,35.54105,48.13433,41.97761,75.74627,26.6791,55.97015,42.16418,,,,,,,
Bulgaria,BGR,2004,24.12766,44.48927,19.86774,53.63589,,,25.04153,,,,,,,
Bulgaria,BGR,2010,24.13905,40.58551,24.82327,50.51795,11.85593,20.90605,14.73136,,,,,,,
Bulgaria,BGR,2022,14.49197,34.63946,19.56268,38.41366,13.63884,19.8971,15.00189,,,,,,,
Burkina Faso,BFA,2010,43.03714,49.34383,50.86782,65.14851,25.48495,44.17831,33.17694,,,,,,,
Canada,CAN,1984,62.94955,84.36402,49.00872,57.66136,,,42.23583,,,,,,,
Canada,CAN,1993,54.09602,83.77206,49.4859,56.52252,,,37.67204,,,,,,,
Canada,CAN,2004,,78.10736,48.02233,61.59156,22.01537,40.61345,39.4255,,,,,,,
Canada,CAN,2010,64.3069,80.7366,51.73966,69.0293,22.24965,36.75193,35.84771,,,,,,,
Canada,CAN,2022,58.05032,68.50364,56.23949,74.39882,23.55199,46.15686,44.2714,,,,,,,
Chile,CHL,1993,44.73333,58.73333,49.2,40.46667,50.26667,58.6,63.4,,,,,,,
Chile,CHL,1998,44.2802,50.1096,44.6166,54.9438,24.801,51.9032,37.9862,,,,,,,
Chile,CHL,2004,,54.64889,39.26667,46.91889,26.91334,56.94445,34.07556,,,,,,,
Chile,CHL,2010,28.23367,56.43943,33.3242,57.52037,17.44698,45.9654,23.57066,,,,,,,
Chile,CHL,2014,26.2,63.9,32,55.2,16.9,33.6,24.7,,,,,,,
Chile,CHL,2022,30.11864,46.94456,34.41901,46.72585,17.59623,36.28298,21.56278,,,,,,,
China,CHN,1993,74.3,64.7,53.6,87.9,71,,78.1,,,,,,,
China,CHN,2004,,71.3,47.6,96,86.1,95.2,90.2,,,,,,,
China,CHN,2010,76.24524,74.43291,74.4819,82.01871,74.68375,87.51522,81.34353,,,,,,,
China,CHN,2014,71.15272,66.61793,65.70473,84.0181,74.50355,84.54762,77.38734,,,,,,,
China,CHN,2022,85.95217,84.52081,86.53217,95.10825,90.58287,94.63369,92.28102,,,,,,,
Colombia,COL,1998,46.90456,49.02905,31.56846,60.43153,17.02905,35.49026,24.19917,,,,,,,
Colombia,COL,2010,34.08265,49.19008,30.38017,59.90083,19.04132,50.38017,24.16529,,,,,,,
Colombia,COL,2014,33.86243,45.43651,22.94974,56.28307,17.2619,39.21958,20.70106,,,,,,,
Colombia,COL,2022,13.22368,24.67105,8.092106,38.81579,5.197369,11.9079,5.394737,,,,,,,
Croatia,HRV,1998,49.58194,59.36455,35.4515,77.34114,21.07023,50.50167,39.88294,,,,,,,
Croatia,HRV,2004,34.64957,52.57472,34.04398,63.87306,,,21.85261,,,,,,,
Croatia,HRV,2010,18.93827,36.27799,26.79439,44.65645,7.333273,13.97642,11.7384,,,,,,,
Croatia,HRV,2022,13.67181,45.50864,25.80066,60.45145,4.166691,9.54931,7.195002,,,,,,,
Cyprus,CYP,2010,65.98446,62.2628,53.00007,64.25092,30.32896,54.82063,49.84185,,,,,,,
Cyprus,CYP,2014,66.31003,56.57449,44.8498,66.70602,23.26718,38.52059,41.73822,,,,,,,
Cyprus,CYP,2022,49.24953,51.62632,44.30052,61.26466,14.24601,34.33741,25.94653,,,,,,,
Czechia,CZE,1993,44.27959,37.58655,32.60798,40.19123,48.05195,47.72727,40.55391,,,,,,,
Czechia,CZE,1998,28.42197,43.41761,38.27376,42.19704,14.29817,29.81691,19.79076,,,,,,,
Czechia,CZE,2004,22.69584,32.4745,21.43481,24.64389,,,11.96268,,,,,,,
Czechia,CZE,2010,33.44617,41.28156,32.30468,31.71005,15.09971,20.07074,16.20193,,,,,,,
Czechia,CZE,2022,46.14834,60.32165,40.73851,46.98959,14.56723,23.8234,21.948,,,,,,,
Denmark,DNK,1984,79.04285,85.2357,46.41046,40.6965,,,36.17252,,,,,,,
Denmark,DNK,1993,77.96117,88.25243,50.38835,44.66019,,,41.35922,,,,,,,
Denmark,DNK,2004,75.17107,89.83382,52.49267,57.86901,,,46.82307,,,,,,,
Denmark,DNK,2010,85.25996,89.60658,65.89326,69.27353,41.71145,53.92833,68.6737,,,,,,,
Denmark,DNK,2022,80.19765,87.61541,54.25383,74.82629,27.67987,39.15484,46.37433,,,,,,,
Dominican Republic,DOM,1998,14.38849,11.99041,9.11271,28.29736,8.153478,11.99041,11.51079,,,,,,,
Ecuador,ECU,2014,32.69551,47.08818,23.71048,57.90349,23.4609,50.41597,29.7005,,,,,,,
Ecuador,ECU,2022,40.33333,52.83333,14.58333,58.41666,17,31.83333,21.66667,,,,,,,
Egypt,EGY,2004,,87.43333,58.36667,57.1,40.96667,53.33334,64.56667,,,,,,,
Egypt,EGY,2010,,,58.1122,,,,,,,,,,,
Egypt,EGY,2014,54.45055,50.34449,32.40601,,19.85774,39.69149,25.26424,,,,,,,
Egypt,EGY,2022,,,18.66667,,2.333333,,7.666667,,,,,,,
El Salvador,SLV,1998,40.27113,48.88357,,45.13557,16.58692,40.27113,30.38278,,,,,,,
Estonia,EST,1993,32.34127,18.84921,,22.42064,,,,,,,,,,
Estonia,EST,1998,60.03917,49.95103,58.17826,45.54358,21.5475,48.67776,41.62586,,,,,,,
Estonia,EST,2004,29.99856,33.00883,36.64686,31.82171,,,25.01827,,,,,,,
Estonia,EST,2010,52.6002,67.90708,57.36585,56.51344,11.85808,35.24817,27.62578,,,,,,,
Estonia,EST,2014,64.39883,77.10854,70.01788,69.85017,26.93781,52.7685,40.8908,,,,,,,
Estonia,EST,2022,57.38256,80.13661,63.15045,64.32127,12.32974,40.1803,31.15605,,,,,,,
Ethiopia,ETH,2010,24.73333,29.93333,28.86667,38.66666,36.2,23.93333,21.86667,,,,,,,
Ethiopia,ETH,2022,62.84553,58.17738,49.5114,75.02034,28.25733,65.50041,46.3355,,,,,,,
Finland,FIN,1984,83.25025,87.13858,51.94417,71.08674,,,64.50648,,,,,,,
Finland,FIN,1993,64.96599,74.31973,31.46259,54.76191,,,33.16327,,,,,,,
Finland,FIN,1998,67.78116,84.90375,33.33334,80.95238,13.17123,31.00304,30.69909,,,,,,,
Finland,FIN,2004,64.92904,89.61813,39.67821,83.03121,,,43.01842,,,,,,,
Finland,FIN,2010,76.11427,91.04227,50.77985,83.80842,20.91027,51.27054,48.51725,,,,,,,
Finland,FIN,2022,78.87866,93.60593,53.8456,88.08039,19.13333,41.63538,44.72442,,,,,,,
France,FRA,1984,54.91998,64.30628,49.95633,53.82435,,,47.92758,,,,,,,
France,FRA,1993,55.58883,65.06986,46.40719,54.39122,,,43.41317,,,,,,,
France,FRA,2004,45.06507,65.50169,44.7319,60.97126,,,38.78117,,,,,,,
France,FRA,2010,49.18852,73.12734,58.69025,70.33459,16.12198,31.84488,44.1216,,,,,,,
France,FRA,2022,58.30864,77.89206,52.55956,77.70885,11.4745,30.72017,33.0829,,,,,,,
Georgia,GEO,1998,44.32271,37.15139,53.68526,50.54781,32.61952,50,39.44223,,,,,,,
Georgia,GEO,2010,24.51394,50.43291,39.67649,67.72359,18.83302,37.93161,27.99735,,,,,,,
Georgia,GEO,2014,33.11148,49.75042,47.17138,77.78703,20.2163,32.44592,29.28452,,,,,,,
Georgia,GEO,2022,38.80613,57.34931,54.35524,78.14816,20.28412,37.3781,29.79642,,,,,,,
Germany,DEU,1984,66.43995,70.42475,35.46318,54.11825,,,52.8896,,,,,,,
Germany,DEU,1993,60.43006,63.74346,34.49665,34.49104,,,48.49012,,,,,,,
Germany,DEU,1998,43.04047,60.85883,43.43534,43.63277,11.64857,20.03949,22.1619,,,,,,,
Germany,DEU,2004,59.80424,72.56503,37.18129,51.98961,,,34.16714,,,,,,,
Germany,DEU,2010,55.60409,72.42841,33.22609,50.65246,12.72867,25.00162,28.16097,,,,,,,
Germany,DEU,2014,71.26139,81.65542,54.23932,63.67472,23.97851,44.32367,43.54528,,,,,,,
Germany,DEU,2022,65.41376,83.34177,56.41639,49.77761,19.02953,37.68225,39.07377,,,,,,,
Ghana,GHA,2010,62.46736,54.1721,58.90411,75.6193,40.11742,70.73012,63.36375,,,,,,,
Ghana,GHA,2014,58.95325,56.81313,67.52677,78.91921,41.85886,60.79173,56.31665,,,,,,,
Greece,GRC,2004,42.99475,27.84588,14.18564,66.81261,,,23.83874,,,,,,,
Greece,GRC,2010,48.92279,53.16288,25.04449,69.3895,16.01929,21.16206,30.19451,,,,,,,
Greece,GRC,2022,59.1758,70.74888,43.24277,80.28142,7.235911,12.94653,14.24016,,,,,,,
Guatemala,GTM,2010,,25.02916,14.72612,36.5626,11.8206,36.14871,11.48564,,,,,,,
Guatemala,GTM,2022,13.99512,14.48332,8.706264,22.70138,6.753458,9.1131,8.706264,,,,,,,
Haiti,HTI,2014,7.491021,4.361211,8.927655,5.746537,5.33607,5.130836,16.67522,,,,,,,
Hong Kong,HKG,2010,,82.10863,58.38658,52.39617,26.51757,54.95208,49.12141,,,,,,,
Hong Kong,HKG,2014,85.5,79.6,58.8,57.7,27.9,59.4,45.6,,,,,,,
Hong Kong,HKG,2022,78.61688,67.40272,56.54313,54.27987,23.46401,55.00685,32.07455,,,,,,,
Hungary,HUN,1984,84.10921,,69.97719,,,,84.26612,,,,,,,
Hungary,HUN,1993,57.85786,50.15015,47.84785,50.65065,,,39.13914,,,,,,,
Hungary,HUN,1998,50.61538,54.92308,50,56.46154,19.07692,42.46154,37.38461,,,,,,,
Hungary,HUN,2004,43.81283,44.80233,47.30424,44.64879,,,32.61106,,,,,,,
Hungary,HUN,2010,43.72326,49.34912,41.50361,39.39454,9.303545,16.58599,19.32771,,,,,,,
Hungary,HUN,2022,48.34018,66.29034,53.55792,54.19525,15.14166,37.61436,34.7245,,,,,,,
Iceland,ISL,1984,69.78233,75.51151,48.1126,,,,57.76637,,,,,,,
Iceland,ISL,1993,65.66951,84.04559,45.01424,23.36182,,,52.70655,,,,,,,
Iceland,ISL,2004,71.79752,82.43802,54.54546,38.84298,,,70.76447,,,,,,,
Iceland,ISL,2010,65.52356,91.75343,58.20737,41.75339,16.68321,31.9929,38.7712,,,,,,,
Iceland,ISL,2022,60.11163,89.84678,58.62585,,17.58871,30.85504,36.21198,,,,,,,
India,IND,1993,62.8,39.08,70.96,92.4,53.04,43.36,65.04,,,,,,,
India,IND,1998,66.81373,35.73529,53.23529,73.52941,39.41177,48.28431,53.33334,,,,,,,
India,IND,2004,,33.96603,37.86214,83.31668,28.07193,48.55145,41.60839,,,,,,,
India,IND,2010,58.02099,56.17191,38.23088,70.46477,37.03148,44.07796,46.97651,,,,,,,
India,IND,2014,61.25552,49.16626,51.42227,81.95194,34.28151,45.7332,51.44679,,,,,,,
India,IND,2022,73.14902,66.4073,74.5909,84.8933,40.64098,63.72361,67.67802,,,,,,,
Indonesia,IDN,2004,,51.2,57.2,73,31.2,50.6,39.8,,,,,,,
Indonesia,IDN,2010,50,49.85104,53.1545,72.49255,28.87008,53.77358,34.34394,,,,,,,
Indonesia,IDN,2022,72.4808,67.51146,74.39649,88.75264,36.76885,78.81444,50.88082,,,,,,,
Iran,IRN,2004,,49.72354,34.55766,,24.05213,57.03002,57.38547,,,,,,,
Iran,IRN,2010,42.33221,55.34308,29.88376,57.25534,19.61005,48.27457,40.69767,,,,,,,
Iran,IRN,2022,76.38426,84.85657,71.71448,91.5944,49.03269,51.70113,63.57571,,,,,,,
Iraq,IRQ,2004,,,,52.51613,,36.43011,,,,,,,,
Iraq,IRQ,2010,,,,59.23732,,56.60867,,,,,,,,
Iraq,IRQ,2014,55.16667,57.41666,22.5,60.75,10.91667,38.16666,20.5,,,,,,,
Iraq,IRQ,2022,41.91666,54.5,31.25,71.08333,10.16667,19.25,11.5,,,,,,,
Ireland,IRL,1984,57.25571,85.48685,54.25913,75.26122,,,51.91963,,,,,,,
Ireland,IRL,1993,46.9,85.39999,59,60.5,,,49.9,,,,,,,
Ireland,IRL,2004,53.70639,82.56715,58.35764,57.58004,,,30.5088,,,,,,,
Ireland,IRL,2010,48.45322,68.68803,58.90234,66.11086,29.76697,35.93869,46.13145,,,,,,,
Italy,ITA,1984,42.90256,67.62101,28.18054,58.30359,,,30.22726,,,,,,,
Italy,ITA,1993,31.81104,66.6637,26.80853,47.52689,,,31.62878,,,,,,,
Italy,ITA,2004,30.65,66.2,32.25,50.3,,,33.15,,,,,,,
Italy,ITA,2010,40.91585,75.79325,37.41624,70.49417,14.11681,26.40526,32.34365,,,,,,,
Italy,ITA,2022,39.88647,79.87067,35.0206,75.12837,12.48801,23.72037,27.48396,,,,,,,
Japan,JPN,1984,67.71982,66.44086,30.07318,35.10753,,,27.73318,,,,,,,
Japan,JPN,1993,61.32542,57.76459,33.0366,23.9367,,,28.38773,,,,,,,
Japan,JPN,1998,74.09867,76.37571,34.91461,59.48766,17.26755,29.98103,24.19355,,,,,,,
Japan,JPN,2004,,48.09104,29.36858,61.52717,16.51982,25.40382,19.75037,,,,,,,
Japan,JPN,2010,77.09854,65.14599,30.20073,69.89051,16.78832,29.10584,21.44161,,,,,,,
Japan,JPN,2014,73.72084,68.15392,31.76423,67.13058,14.77691,24.31437,19.77077,,,,,,,
Japan,JPN,2022,77.90096,78.64006,44.64154,80.56171,25.64671,39.8374,31.11604,,,,,,,
Jordan,JOR,2004,,87.69776,57.32681,88.44691,19.01068,79.73347,58.0756,,,,,,,
Jordan,JOR,2010,86.41021,89.24802,52.82534,93.9866,26.23056,82.73673,56.17096,,,,,,,
Jordan,JOR,2014,73.5,81.91666,44.33333,90.33333,9.666666,54.16667,21,,,,,,,
Jordan,JOR,2022,77.55611,92.51871,36.8246,94.51372,8.146301,36.1596,9.975062,,,,,,,
Kazakhstan,KAZ,2014,50.6705,50.30386,67.4312,71.97058,55.13836,74.80428,67.08778,,,,,,,
Kazakhstan,KAZ,2022,63.08777,65.1254,66.37931,80.87775,57.36677,68.57367,64.57681,,,,,,,
Kenya,KEN,2022,50.39495,35.46604,45.18167,58.45182,22.78481,44.78673,36.09795,,,,,,,
Kosovo,OWID_KOS,2010,60.72037,70.25417,65.01976,75.46725,53.1864,62.44709,62.6889,,,,,,,
Kuwait,KWT,2014,72.52494,68.22717,50.80583,70.4528,,60.55257,45.35687,,,,,,,
Kyrgyzstan,KGZ,2004,,22.91467,44.2953,56.9511,25.40748,34.89933,35.57047,,,,,,,
Kyrgyzstan,KGZ,2014,50.13334,54.93333,61.86666,63.73333,50.86667,57.66666,55.06667,,,,,,,
Kyrgyzstan,KGZ,2022,39.10083,48.38678,59.91495,69.69901,32.24216,52.19461,36.84333,,,,,,,
Latvia,LVA,1993,35.43743,19.71207,,24.03101,,,,,,,,,,
Latvia,LVA,1998,37,30.33333,42.25,29.91667,9.833334,37.41667,24,,,,,,,
Latvia,LVA,2004,43.63277,38.69694,46.69299,43.43534,,,26.25864,,,,,,,
Latvia,LVA,2010,40.73875,52.48334,54.92337,55.61975,13.94921,20.42965,19.63117,,,,,,,
Latvia,LVA,2022,56.05263,68.10967,64.20687,71.61103,11.07328,29.9545,26.73124,,,,,,,
Lebanon,LBN,2014,41.75,42,33.16667,45.66667,25.66667,22.75,30,,,,,,,
Lebanon,LBN,2022,34.08333,55.5,12.25,89.33333,13,19.83333,13.66667,,,,,,,
Libya,LBY,2014,53.15495,55.13338,40.84616,49.48199,6.028308,22.54261,13.53636,,,,,,,
Libya,LBY,2022,51.50502,50.29288,29.26422,47.65494,2.953587,28.42809,9.335576,,,,,,,
Lithuania,LTU,1993,38.4,28.4,,21.3,,,,,,,,,,
Lithuania,LTU,1998,20.51536,19.7225,34.98513,35.38157,12.2894,33.20119,23.58771,,,,,,,
Lithuania,LTU,2004,16.90108,24.75791,18.60443,42.60609,,,9.971508,,,,,,,
Lithuania,LTU,2010,22.67982,42.6776,31.56668,60.38219,7.995842,22.89316,13.33228,,,,,,,
Lithuania,LTU,2022,47.84277,69.76015,44.17437,70.47965,16.72938,38.9565,22.3386,,,,,,,
Luxembourg,LUX,2004,53.80293,69.78844,53.86255,50.29732,,,56.21352,,,,,,,
Luxembourg,LUX,2010,65.08923,73.53271,67.67563,52.38084,37.24026,65.29084,64.12852,,,,,,,
Macao,MAC,2022,75.96059,73.62205,66.07495,67.55424,59.2666,68.70078,64.23646,,,,,,,
Malaysia,MYS,2010,77.68526,74.60449,69.77518,84.42964,58.28477,75.43713,67.44379,,,,,,,
Malaysia,MYS,2014,80.23077,73.69231,77.61539,80.07692,61.92307,75.07693,69,,,,,,,
Malaysia,MYS,2022,62.68088,59.48211,59.93907,74.48591,31.45469,50.11424,42.19345,,,,,,,
Maldives,MDV,2022,41.19345,62.17517,47.06449,73.14725,11.46435,29.54764,14.06551,,,,,,,
Mali,MLI,2010,59.22521,63.21312,53.44943,79.59318,33.71162,65.63324,49.73369,,,,,,,
Malta,MLT,1984,42.82655,50.53533,52.03426,34.26124,,,40.89936,,,,,,,
Malta,MLT,1993,37.48705,50.79225,37.62064,38.02243,,,39.93058,,,,,,,
Malta,MLT,2004,44.22814,66.48112,48.32655,70.30371,,,51.15277,,,,,,,
Malta,MLT,2010,43.5777,79.91792,53.04535,78.99485,34.66444,48.39477,50.66118,,,,,,,
Mexico,MEX,1984,52.53964,31.58449,23.13553,48.4948,,,27.56442,,,,,,,
Mexico,MEX,1993,53.16786,31.67864,27.69432,46.83213,29.78446,24.23253,34.35663,,,,,,,
Mexico,MEX,1998,41.0596,33.04636,40.7947,59.13907,33.31126,41.45695,41.39073,,,,,,,
Mexico,MEX,2004,,29.14832,19.65414,51.18834,23.75694,35.96665,20.83842,,,,,,,
Mexico,MEX,2010,36.85897,33.07692,24.35897,62.5,23.46154,43.91026,24.9359,,,,,,,
Mexico,MEX,2014,30.75,28.4,21,58.95,21.95,38.7,25,,,,,,,
Mexico,MEX,2022,22.15563,21.27106,16.30797,50.33029,11.31205,17.40929,14.38274,,,,,,,
Moldova,MDA,1998,49.28862,33.23171,49.79675,56.09756,16.66667,42.68293,39.73577,,,,,,,
Moldova,MDA,2004,,34.18133,44.1917,54.8435,23.18897,36.30298,33.46113,,,,,,,
Moldova,MDA,2010,35.26218,33.38452,26.41118,48.61665,18.92449,32.03136,31.71757,,,,,,,
Mongolia,MNG,2022,37.53407,46.55075,38.63091,43.65162,19.69506,38.57949,25.80897,,,,,,,
Montenegro,MNE,1998,55.83333,52.08333,44.58333,57.5,21.25,44.58333,41.25,,,,,,,
Montenegro,MNE,2004,,37.92453,25.66038,47.92453,23.86792,31.79245,30.75472,,,,,,,
Montenegro,MNE,2010,42.02959,42.62422,45.85306,34.74318,15.18,36.39989,34.90946,,,,,,,
Montenegro,MNE,2022,34.52076,46.98047,35.78518,56.9562,28.87813,36.09199,33.12823,,,,,,,
Morocco,MAR,2004,,51.55962,34.15791,69.52688,13.20312,54.82153,19.08818,,,,,,,
Morocco,MAR,2010,61.66667,59.5,48.25,66,32.91667,52.5,41.75,,,,,,,
Morocco,MAR,2014,58.16666,61.5,46.33333,73.08334,25.25,44.33333,35.33333,,,,,,,
Morocco,MAR,2022,38.25,47.33333,33.5,58,18.66667,21,20.08333,,,,,,,
Myanmar,MMR,2022,59.66667,60.33334,75.75,33.25,68.25,80.16666,75.91666,,,,,,,
Netherlands,NLD,1984,62.94717,71.79987,43.71891,42.48597,,,43.76911,,,,,,,
Netherlands,NLD,1993,62.45536,72.88361,45.45535,31.28376,,,53.39558,,,,,,,
Netherlands,NLD,2004,47.96614,63.82672,36.77938,39.73182,,,54.72606,,,,,,,
Netherlands,NLD,2010,50.14034,64.35668,35.92934,48.77429,28.34754,39.44902,39.70587,,,,,,,
Netherlands,NLD,2014,61.88223,65.50999,33.33334,49.42166,18.24395,32.9653,32.59726,,,,,,,
Netherlands,NLD,2022,59.22834,69.8599,34.56626,54.68775,19.8448,38.64028,35.09663,,,,,,,
New Zealand,NZL,1998,44.62947,78.35137,26.06161,57.11906,5.745213,15.2373,14.15487,,,,,,,
New Zealand,NZL,2010,44.33962,72.43187,38.57442,66.56184,13.41719,37.52621,31.76101,,,,,,,
New Zealand,NZL,2014,60.52319,78.478,43.1629,76.09988,15.21998,44.70868,35.67182,,,,,,,
New Zealand,NZL,2022,70.08797,87.43914,50.34415,82.66796,20.50781,51.60976,40.2737,,,,,,,
Nicaragua,NIC,2022,22.41667,25.75,15.58333,22.08333,11.91667,27.5,17.41667,,,,,,,
Nigeria,NGA,1993,63.93607,43.65634,74.92508,60.53946,37.66233,26.07393,52.94705,,,,,,,
Nigeria,NGA,1998,45.80417,28.53464,54.7782,43.1883,23.65651,26.07937,24.2312,,,,,,,
Nigeria,NGA,2004,,34.37191,68.59545,45.8457,42.68052,46.43917,42.97725,,,,,,,
Nigeria,NGA,2014,45.7956,29.93114,59.0378,64.42892,31.5549,37.93018,39.80677,,,,,,,
Nigeria,NGA,2022,43.14199,26.97814,46.49569,54.68174,32.63813,40.11448,33.27611,,,,,,,
North Macedonia,MKD,1998,22.61307,25.32663,17.68844,35.67839,10.65327,18.89447,14.67337,,,,,,,
North Macedonia,MKD,2004,,50.39748,16.37946,53.80981,9.307751,10.74196,6.883969,,,,,,,
North Macedonia,MKD,2010,37.328,59.09256,47.84785,72.36642,32.45893,50.40136,48.59896,,,,,,,
North Macedonia,MKD,2022,33.73228,54.11433,38.17587,63.63418,20.66542,25.7701,31.64557,,,,,,,
Northern Cyprus,OWID_CYN,2010,66.49381,80.60171,62.73256,91.22523,31.7964,45.95597,51.89436,,,,,,,
Northern Ireland,,1984,68.35278,83.79253,59.52827,76.43744,,,46.87156,,,,,,,
Northern Ireland,,1993,55.26316,79.60526,56.90789,77.96053,,,46.05263,,,,,,,
Northern Ireland,,2004,45.48737,61.37184,47.4278,53.61011,,,37.18412,,,,,,,
Northern Ireland,,2010,38.99902,57.22486,45.87793,61.66989,14.64182,19.37295,29.09411,,,,,,,
Northern Ireland,,2022,61.60689,66.47848,51.68167,65.80785,9.224945,18.44951,12.03354,,,,,,,
Norway,NOR,1984,83.44434,88.39201,57.56422,67.45956,,,77.45005,,,,,,,
Norway,NOR,1993,74.49556,87.57062,43.42212,64.81033,,,58.67635,,,,,,,
Norway,NOR,1998,69.21029,85.35936,50.48802,72.58208,32.38687,65.66105,68.85537,,,,,,,
Norway,NOR,2010,81.23069,85.93497,58.41613,60.70242,31.60963,51.89311,62.91562,,,,,,,
Norway,NOR,2022,85.91683,87.91435,69.83351,79.19227,35.88326,59.26403,69.54196,,,,,,,
Pakistan,PAK,1998,50.10395,16.42412,47.19335,96.98545,33.16008,,,,,,,,,
Pakistan,PAK,2004,,27.95,36.5,84.6,23.8,33.3,73.5,,,,,,,
Pakistan,PAK,2014,45.73869,20.6171,37.34891,83.3562,29.92621,35.85514,26.88874,,,,,,,
Pakistan,PAK,2022,62.40601,42.45614,51.97995,93.23309,43.5589,62.35589,50.07518,,,,,,,
Palestine,PSE,2014,44.4,52.5,39.6,46.4,21,37.1,28.5,,,,,,,
Peru,PER,1998,16.10239,21.13955,10.23947,40.54501,6.028076,36.99422,13.87283,,,,,,,
Peru,PER,2004,,16.18921,8.86076,21.91872,7.861426,19.18721,9.46036,,,,,,,
Peru,PER,2010,8.120895,15.66569,5.835951,21.95183,4.542567,11.47664,7.530296,,,,,,,
Peru,PER,2014,17.37235,27.86481,14.69395,33.07236,10.44686,21.82331,11.9973,,,,,,,
Peru,PER,2022,9.601582,24.81902,8.098162,35.24571,5.970131,10.58161,4.889814,,,,,,,
Philippines,PHL,1998,65.66667,54.91667,66.41667,68.25,44.33333,57.33333,59.33333,,,,,,,
Philippines,PHL,2004,,60.64964,69.69471,73.52835,44.59949,47.65032,60.37194,,,,,,,
Philippines,PHL,2014,65.82361,66.98798,65.83739,71.19784,48.68204,57.64589,59.61583,,,,,,,
Philippines,PHL,2022,77.5441,80.17355,75.17905,76.54924,62.61082,81.59974,69.69279,,,,,,,
Poland,POL,1993,46.66667,29.84375,53.125,62.70834,,,66.92708,,,,,,,
Poland,POL,1998,48.30876,51.25759,31.2229,75.10841,11.01474,36.25325,31.13617,,,,,,,
Poland,POL,2004,39.39044,53.48558,29.9555,64.34811,,,30.06111,,,,,,,
Poland,POL,2010,37.48945,51.92327,24.26426,61.86784,9.432444,19.52488,15.71974,,,,,,,
Poland,POL,2014,38.69417,50.45956,19.48074,62.46336,7.204054,15.95533,11.03149,,,,,,,
Poland,POL,2022,34.94513,59.84363,37.83513,68.89268,8.394308,23.04586,19.25619,,,,,,,
Portugal,PRT,1993,40.23389,43.85966,30.5142,46.68638,,,32.74299,,,,,,,
Portugal,PRT,2004,38.30552,63.97829,49.11654,66.4947,,,43.65118,,,,,,,
Portugal,PRT,2010,46.35456,76.35962,45.71437,71.75646,25.08709,29.38385,38.52176,,,,,,,
Portugal,PRT,2022,49.36069,82.87135,48.54958,77.0938,21.04511,34.43631,33.00815,,,,,,,
Puerto Rico,PRI,1998,47.50859,55.75602,55.24055,62.62886,20.189,51.80413,29.29553,,,,,,,
Puerto Rico,PRI,2004,,55.69444,25.97222,51.94445,19.44444,43.47222,27.22222,,,,,,,
Puerto Rico,PRI,2022,35.75865,48.53594,18.72227,56.52174,9.582964,14.90683,13.57587,,,,,,,
Qatar,QAT,2014,90.87196,95.92461,,94.75774,,82.80832,84.7233,,,,,,,
Romania,ROU,1993,46.41886,44.69628,30.00907,81.50499,,,20.39891,,,,,,,
Romania,ROU,1998,42.69572,37.7724,25.34302,79.90315,12.99435,20.09685,18.15981,,,,,,,
Romania,ROU,2004,37.69633,44.06632,24.95637,80.19197,,,18.23735,,,,,,,
Romania,ROU,2010,32.945,45.84444,29.1166,77.36072,14.61122,24.71,19.51558,,,,,,,
Romania,ROU,2014,32.72541,42.37287,25.71064,65.23253,11.46883,18.36485,14.95609,,,,,,,
Romania,ROU,2022,40.21661,49.94109,27.53175,74.34376,9.998322,18.82739,15.00387,,,,,,,
Russia,RUS,1993,36.71596,34.11525,43.90617,65.88475,40.69352,,43.03926,,,,,,,
Russia,RUS,1998,38.03922,29.80392,44.41176,66.47059,17.54902,24.95098,20.78431,,,,,,,
Russia,RUS,2004,34.87977,28.34387,34.09055,64.50227,,,17.84771,,,,,,,
Russia,RUS,2010,37.21956,34.3655,48.09425,66.60012,21.80783,48.65783,31.69506,,,,,,,
Russia,RUS,2014,32.69451,31.81861,46.81356,63.39004,26.16871,47.60773,30.79366,,,,,,,
Russia,RUS,2022,47.06119,52.24391,55.92501,77.66603,30.46193,51.79763,38.2407,,,,,,,
Rwanda,RWA,2010,76.21262,84.05316,50.90181,,34.35166,,72.32202,,,,,,,
Rwanda,RWA,2014,60.18336,63.2613,60.96922,64.76752,50.68762,63.52325,64.96398,,,,,,,
Saudi Arabia,SAU,2004,,,65.11318,,,,,,,,,,,
Serbia,SRB,1998,43.28125,43.125,29.53125,59.92187,15.9375,32.89063,29.14063,,,,,,,
Serbia,SRB,2004,,45.91667,25.33333,72.41667,13.08333,28.25,20.91667,,,,,,,
Serbia,SRB,2010,26.013,34.44292,23.01483,45.54818,9.076998,19.01999,15.85564,,,,,,,
Serbia,SRB,2022,28.71386,44.77314,25.84885,59.59299,12.52976,26.93663,18.12446,,,,,,,
Singapore,SGP,2014,83.29854,79.40494,76.45017,77.192,69.35302,79.7965,75.45666,,,,,,,
Singapore,SGP,2022,80.08765,86.19527,77.88041,81.8804,51.92583,80.64,69.52142,,,,,,,
Slovakia,SVK,1993,42.00999,36.01748,33.89513,49.81273,34.97854,34.76395,30.3995,,,,,,,
Slovakia,SVK,1998,40.91324,38.99543,38.90411,65.66209,21.09589,41.55251,28.94977,,,,,,,
Slovakia,SVK,2004,32.40105,42.37175,35.76046,71.99715,,,38.59036,,,,,,,
Slovakia,SVK,2010,33.98453,52.18521,53.09325,65.09495,21.9776,46.38236,45.9366,,,,,,,
Slovakia,SVK,2022,36.08786,53.13344,51.63935,64.92755,18.18016,26.26226,30.12216,,,,,,,
Slovenia,SVN,1993,50.5314,51.20773,39.90338,45.02415,,,35.55556,,,,,,,
Slovenia,SVN,1998,34.45879,46.27607,27.11023,43.49553,13.10824,39.42403,23.53525,,,,,,,
Slovenia,SVN,2004,42.54473,49.60239,24.25447,40.55666,,,24.25447,,,,,,,
Slovenia,SVN,2010,39.31831,53.2188,36.21563,52.99327,15.91896,31.95703,31.40175,,,,,,,
Slovenia,SVN,2014,24.69598,42.09542,9.91581,33.76988,3.367633,7.764266,5.986904,,,,,,,
Slovenia,SVN,2022,22.0043,61.45729,23.03545,44.84671,5.259254,14.12274,14.95047,,,,,,,
South Africa,ZAF,1984,62.96992,58.27068,48.30827,56.6416,,,43.10777,,,,,,,
South Africa,ZAF,1993,69.18584,61.69514,53.00732,55.96234,46.88517,,60.15516,,,,,,,
South Africa,ZAF,1998,57.99971,73.68132,51.04099,53.0493,42.53735,62.93204,62.77904,,,,,,,
South Africa,ZAF,2004,,54.86836,53.64545,51.9527,42.39069,59.26035,57.03098,,,,,,,
South Africa,ZAF,2010,64.66116,61.01267,52.52289,61.16858,42.27719,69.4199,63.69637,,,,,,,
South Africa,ZAF,2014,49.58004,45.3199,42.13155,47.64642,36.48091,46.06091,43.05876,,,,,,,
South Korea,KOR,1984,78.96907,71.64948,85.77319,84.53608,,,66.80412,,,,,,,
South Korea,KOR,1993,66.10711,52.59792,60.19184,79.1367,,,33.81295,,,,,,,
South Korea,KOR,1998,58.44676,47.23779,77.502,70.45637,24.81985,43.79504,30.98479,,,,,,,
South Korea,KOR,2004,,49.08334,63.75,62.41667,10.16667,28.91667,10.25,,,,,,,
South Korea,KOR,2010,50.78664,58.63443,62.72937,51.9464,24.137,45.54817,26.12634,,,,,,,
South Korea,KOR,2014,66.66479,58.28812,48.10116,63.4398,26.08201,49.54932,25.45545,,,,,,,
South Korea,KOR,2022,61.5261,56.54619,56.46587,53.89558,24.49799,51.3253,20.72289,,,,,,,
Spain,ESP,1984,48.22199,63.04557,38.75345,61.63477,,,47.63534,,,,,,,
Spain,ESP,1993,45.95806,44.66957,34.77295,39.60377,32.78382,25.71491,37.29695,,,,,,,
Spain,ESP,1998,44.58234,60.47514,39.62883,42.11591,17.86413,30.09069,34.76281,,,,,,,
Spain,ESP,2004,40.91667,57.5738,39.13477,41.08276,26.22235,42.8978,45.00262,,,,,,,
Spain,ESP,2010,46.72298,64.52485,40.50645,52.81919,21.77634,38.25194,46.47459,,,,,,,
Spain,ESP,2014,39.68391,58.68122,38.82975,50.96551,14.97972,20.70057,33.52815,,,,,,,
Spain,ESP,2022,47.04304,66.40277,47.43928,55.29892,18.00556,21.97542,31.7268,,,,,,,
Sweden,SWE,1984,69.7065,78.72117,40.8805,58.49057,,,44.02515,,,,,,,
Sweden,SWE,1993,54.44126,73.0659,39.82808,47.27794,,,45.46323,,,,,,,
Sweden,SWE,1998,61.34787,80.17839,41.42715,53.32012,27.65114,41.32805,43.50843,,,,,,,
Sweden,SWE,2004,59.84834,75.36437,45.21521,43.29523,,,50.12936,,,,,,,
Sweden,SWE,2010,67.6199,73.8884,50.29071,40.47723,28.72731,45.85957,54.88601,,,,,,,
Sweden,SWE,2014,75.6151,79.11945,50.64298,52.00091,42.22403,59.8119,59.41792,,,,,,,
Sweden,SWE,2022,76.06715,85.78632,62.9032,57.02126,31.44281,50.67045,63.31908,,,,,,,
Switzerland,CHE,1998,64.50646,66.6124,42.93095,47.81573,25.34068,50.33006,41.4431,,,,,,,
Switzerland,CHE,2010,72.26608,81.54127,65.77074,44.5406,23.25715,60.50675,54.07401,,,,,,,
Switzerland,CHE,2022,69.95372,84.93941,65.63551,55.37751,25.16917,66.28498,57.57663,,,,,,,
Taiwan,TWN,1998,57.30769,57.94872,57.30769,74.10256,34.10257,67.5641,44.10257,,,,,,,
Taiwan,TWN,2010,38.95678,37.25531,39.97908,41.70519,10.11086,32.29883,13.93473,,,,,,,
Taiwan,TWN,2014,47.55163,62.13055,59.32809,52.86195,22.44167,44.81454,27.59345,,,,,,,
Taiwan,TWN,2022,56.54069,82.47159,64.83189,63.29053,23.51531,52.32388,30.55864,,,,,,,
Tajikistan,TJK,2022,77.08333,80.58334,71.33333,85.5,57.83333,89.25,80.5,,,,,,,
Tanzania,TZA,2004,,65.41418,62.59607,88.55679,55.9351,78.99231,75.49104,,,,,,,
Thailand,THA,2010,71.51238,43.35072,43.74185,51.23859,23.2073,38.52673,32.59452,,,,,,,
Thailand,THA,2014,71.81429,45.99593,56.93092,68.22451,35.35109,51.12443,43.72981,,,,,,,
Thailand,THA,2022,65.64257,50.67443,57.54343,58.31824,36.89039,52.42536,51.01213,,,,,,,
Trinidad and Tobago,TTO,2010,31.94366,27.93694,32.89196,39.00193,9.529855,26.2919,15.71772,,,,,,,
Trinidad and Tobago,TTO,2014,31.23123,28.02803,31.93193,41.04104,21.82182,34.93494,25.92593,,,,,,,
Tunisia,TUN,2014,47.38589,59.08714,28.38174,59.91702,3.153527,17.84232,5.892116,,,,,,,
Tunisia,TUN,2022,45.73579,46.57763,23.33614,72.40233,7.005838,11.93656,8.681135,,,,,,,
Turkey,TUR,1993,62.23301,61.45631,48.73786,89.80582,,43.39806,55.24272,,,,,,,
Turkey,TUR,1998,69.71279,71.09631,66.27213,93.00381,28.29718,50.44804,50.51537,,,,,,,
Turkey,TUR,2004,56.2189,69.56199,59.12569,84.68151,28.21274,45.49636,41.88413,,,,,,,
Turkey,TUR,2010,76.45728,76.67107,59.8246,86.82954,29.98246,54.19089,55.19664,,,,,,,
Turkey,TUR,2014,67.37768,74.3551,57.34894,73.91064,34.89389,58.8783,54.01777,,,,,,,
Turkey,TUR,2022,73.70601,83.64389,61.15942,85.13457,50.26915,68.77847,59.13044,,,,,,,
Uganda,UGA,2004,,54.18202,61.96399,73.73212,36.98216,75.54516,73.97202,,,,,,,
Ukraine,UKR,1998,41.15973,35.32551,36.42832,62.5756,17.14692,40.51939,33.97367,,,,,,,
Ukraine,UKR,2004,30.29068,31.33562,34.76741,64.80736,,,24.77671,,,,,,,
Ukraine,UKR,2010,25.79715,29.64607,37.21947,53.92259,15.42016,23.26649,15.25092,,,,,,,
Ukraine,UKR,2014,25.22173,31.64777,44.41351,58.71583,22.06056,25.34536,20.4747,,,,,,,
Ukraine,UKR,2022,18.83387,35.91804,40.03951,72.10201,14.89406,16.85635,18.01048,,,,,,,
United Kingdom,GBR,1984,65.41759,85.91397,47.99241,81.07754,,,40.39346,"England, Scotland, and Wales","England, Scotland, and Wales","England, Scotland, and Wales","England, Scotland, and Wales",,,"England, Scotland, and Wales"
United Kingdom,GBR,1993,52.80846,76.72813,43.70387,80.61825,,,45.64459,"England, Scotland, and Wales","England, Scotland, and Wales","England, Scotland, and Wales","England, Scotland, and Wales",,,"England, Scotland, and Wales"
United Kingdom,GBR,2004,47.84018,68.66467,41.67895,81.61674,,,34.10197,"England, Scotland, and Wales","England, Scotland, and Wales","England, Scotland, and Wales","England, Scotland, and Wales",,,"England, Scotland, and Wales"
United Kingdom,GBR,2010,52.7978,69.32108,40.887,82.3117,14.44356,24.15833,27.31348,"England, Scotland, and Wales","England, Scotland, and Wales","England, Scotland, and Wales","England, Scotland, and Wales","England, Scotland, and Wales","England, Scotland, and Wales","England, Scotland, and Wales"
United Kingdom,GBR,2022,64.67455,70.6396,50.6224,82.50726,14.42451,26.25516,26.63116,"England, Scotland, and Wales","England, Scotland, and Wales","England, Scotland, and Wales","England, Scotland, and Wales","England, Scotland, and Wales","England, Scotland, and Wales","England, Scotland, and Wales"
United States,USA,1984,52.85885,73.67545,56.02876,79.2901,,,51.79549,,,,,,,
United States,USA,1993,58.21362,74.42101,57.71636,48.29205,,,42.38778,,,,,,,
United States,USA,1998,35.39993,69.08447,46.06853,85.23141,20.31051,29.73215,28.72783,,,,,,,
United States,USA,2004,,70.68719,51.86127,80.93071,22.01296,37.25867,37.12768,,,,,,,
United States,USA,2010,56.29333,69.53728,40.48244,81.47894,15.06192,37.61183,19.87902,,,,,,,
United States,USA,2014,53.78416,68.2277,45.05952,81.62289,12.53097,32.59575,20.18799,,,,,,,
United States,USA,2022,57.15104,68.19264,40.9425,80.3746,11.16486,33.33441,14.86523,,,,,,,
Uruguay,URY,1998,59.73455,53.21513,44.80701,38.08438,36.47148,41.66298,41.8048,,,,,,,
Uruguay,URY,2010,54.7,52.6,22.7,38.1,35.8,60.7,46.2,,,,,,,
Uruguay,URY,2014,50,56,23.6,36.6,31.7,59,39.6,,,,,,,
Uruguay,URY,2022,58.02468,68.20988,51.58167,52.84131,29.99257,53.63653,43.20342,,,,,,,
Uzbekistan,UZB,2014,82,82.46667,87.73334,93.8,74.2,95.2,85.39999,,,,,,,
Uzbekistan,UZB,2022,79.27711,82.06565,79.13322,91.49277,65.62249,83.27974,72.93172,,,,,,,
Venezuela,VEN,1998,36.83334,29.75,29.83333,59.5,14.33333,26.33333,22.83333,,,,,,,
Venezuela,VEN,2004,,41.25,36.91667,63.33333,20,55.66667,33.58334,,,,,,,
Venezuela,VEN,2022,16.05042,14.45378,16.05042,20.84034,11.59664,17.31092,14.95798,,,,,,,
Vietnam,VNM,2004,,91,73.8,94.7,87.1,96.9,94,,,,,,,
Vietnam,VNM,2010,86.68896,88.89632,80.20067,95.71906,88.36121,95.71906,95.71906,,,,,,,
Vietnam,VNM,2022,90.75,90.33333,83.66666,91.16667,92.75,92.91666,91.41667,,,,,,,
Yemen,YEM,2014,20.3,28.6,10.5,38.1,8.299999,27.5,9.9,,,,,,,
Zambia,ZMB,2010,48.46667,43.86667,37.66756,53.4,25.76769,40.96064,39.07816,,,,,,,
Zimbabwe,ZWE,2004,,62.27836,52.81467,55.38334,24.26459,47.19424,43.59789,,,,,,,
Zimbabwe,ZWE,2014,59.5939,56.46145,52.81479,59.74404,38.6698,50.73754,48.49456,,,,,,,
Zimbabwe,ZWE,2022,51.93416,50.37037,51.93416,51.15321,28.64198,51.72982,43.95062,,,,,,,